{
    "uvs":[[0.731662,0.917575,0.707914,0.893827,0.80152,0.800222,0.825268,0.823969,0.752089,0.938002,0.845694,0.844396,0.77515,0.957439,0.80095,0.972506,0.68577,0.871683,0.779376,0.778078,0.828496,0.982622,0.412626,0.598537,0.506232,0.504932,0.758533,0.757234,0.664927,0.850839,0.85673,0.9874,0.884567,0.986655,0.910937,0.980416,0.934827,0.968923,0.954617,0.953319,0.0813111,0.26722,0.174917,0.173615,0.19974,0.198437,0.106134,0.292043,0.0608843,0.246793,0.0414467,0.223731,0.15449,0.153188,0.0263804,0.197931,0.214688,0.213386,0.121082,0.306991,0.0162641,0.170385,0.160326,0.346235,0.253931,0.252629,0.0114869,0.142151,0.0122321,0.114314,0.0184711,0.0879436,0.0299644,0.0640541,0.0455681,0.0442648,0.918937,0.7303,0.895189,0.706553,0.939364,0.750727,0.958801,0.773789,0.973868,0.799589,0.873046,0.684409,0.983984,0.827135,0.599901,0.411263,0.852202,0.663565,0.988761,0.855369,0.988016,0.883206,0.981777,0.909577,0.970284,0.933466,0.268586,0.0799458,0.293409,0.104769,0.24816,0.0595188,0.225098,0.040081,0.199298,0.0250147,0.308357,0.119717,0.171752,0.0148982,0.347601,0.158961,0.143518,0.0101208,0.115681,0.0108658,0.0893107,0.0171044,0.065421,0.0285978]],
    "metadata":{
        "type":"Geometry",
        "vertices":63,
        "version":3,
        "uvs":1,
        "normals":15,
        "faces":52,
        "generator":"io_three"
    },
    "vertices":[0.666855,0.0779023,0.21817,0.570775,0.0665938,0.21817,0.61812,0.0682351,0.21817,0.761545,0.106714,0.21817,0.807191,0.122347,0.213948,0.851084,0.137379,0.201444,0.891535,0.151232,0.181138,0.926991,0.163375,0.153812,0.956089,0.17334,0.120515,0.977711,0.180745,0.0825258,0.991026,0.185305,0.0413057,0.717322,0.0927962,0.21817,-0.694381,0.0740627,0.21817,-0.000413662,0.0665938,0.21817,-0.571602,0.0665938,0.21817,-0.660395,0.0697062,0.21817,-0.790693,0.0937558,0.21817,-0.837551,0.105261,0.213948,-0.882607,0.116325,0.201444,-0.924132,0.126521,0.181138,-0.960528,0.135458,0.153812,-0.990398,0.142792,0.120515,-1.01259,0.148242,0.0825258,-1.02626,0.151598,0.0413057,-0.745407,0.0838315,0.21817,0.761545,0.106714,7.38492e-05,0.61812,0.0682351,7.38513e-05,0.570775,0.0665938,7.38516e-05,0.666855,0.0779023,7.38505e-05,0.717322,0.0927961,7.38499e-05,0.666855,0.0779023,-0.21817,0.570775,0.0665938,-0.21817,0.61812,0.0682351,-0.21817,0.761545,0.106714,-0.21817,0.807191,0.122347,-0.213948,0.851084,0.137379,-0.201444,0.891535,0.151232,-0.181138,0.926991,0.163375,-0.153812,0.956089,0.17334,-0.120515,0.977711,0.180745,-0.0825258,0.991026,0.185305,-0.0413057,0.995521,0.186845,7.38457e-05,0.717322,0.0927961,-0.21817,-0.790693,0.0937558,7.38486e-05,-0.660395,0.0697062,7.38515e-05,-0.571602,0.0665938,7.38516e-05,-0.694381,0.0740627,7.38508e-05,-0.000413662,0.0665938,7.38516e-05,-0.745407,0.0838315,7.38496e-05,-0.694381,0.0740627,-0.21817,-0.000413662,0.0665938,-0.21817,-0.571602,0.0665938,-0.21817,-0.660395,0.0697062,-0.21817,-0.790693,0.0937558,-0.21817,-0.837551,0.105261,-0.213948,-0.882607,0.116325,-0.201444,-0.924132,0.126521,-0.181138,-0.960528,0.135458,-0.153812,-0.990398,0.142792,-0.120515,-1.01259,0.148242,-0.0825258,-1.02626,0.151598,-0.0413057,-1.03088,0.152731,7.38432e-05,-0.745407,0.0838315,-0.21817],
    "faces":[41,11,0,28,29,0,1,2,3,0,1,1,0,40,3,25,4,4,5,6,2,3,4,40,4,25,5,6,5,7,4,3,4,41,0,2,26,28,1,8,9,2,1,5,5,1,40,5,25,6,7,5,10,4,3,4,41,13,47,27,1,11,12,13,14,6,6,7,7,40,6,25,7,10,5,15,4,3,4,41,2,1,27,26,8,14,13,9,5,7,7,5,40,7,25,8,15,5,16,4,3,4,40,8,25,9,16,5,17,4,3,4,40,9,25,10,17,5,18,4,3,4,40,10,25,41,18,5,19,4,3,4,41,3,11,29,25,4,0,3,5,2,0,0,3,41,24,48,46,12,20,21,22,23,8,8,9,9,40,16,17,43,24,25,26,10,11,12,40,17,18,43,25,27,26,11,11,12,41,12,46,44,15,23,22,28,29,9,9,13,13,40,18,19,43,27,30,26,11,11,12,41,13,14,45,47,11,31,32,12,6,14,14,6,40,19,20,43,30,33,26,11,11,12,41,15,44,45,14,29,28,32,31,13,13,14,14,40,20,21,43,33,34,26,11,11,12,40,21,22,43,34,35,26,11,11,12,40,22,23,43,35,36,26,11,11,12,40,23,61,43,36,37,26,11,11,12,41,16,43,48,24,24,26,21,20,10,12,8,8,41,42,29,28,30,38,3,2,39,0,0,1,1,40,33,34,25,40,41,5,2,4,3,40,34,35,25,41,42,5,4,4,3,41,30,28,26,32,39,2,9,43,1,1,5,5,40,35,36,25,42,44,5,4,4,3,41,50,31,27,47,45,46,13,12,6,7,7,6,40,36,37,25,44,47,5,4,4,3,41,32,26,27,31,43,9,13,46,5,5,7,7,40,37,38,25,47,48,5,4,4,3,40,38,39,25,48,49,5,4,4,3,40,39,40,25,49,50,5,4,4,3,40,40,41,25,50,19,5,4,4,3,41,33,25,29,42,40,5,3,38,2,3,0,0,41,62,49,46,48,51,52,22,21,8,9,9,8,40,53,43,54,53,26,54,10,12,11,40,54,43,55,54,26,55,11,12,11,41,49,52,44,46,52,56,28,22,9,13,13,9,40,55,43,56,55,26,57,11,12,11,41,50,47,45,51,45,12,32,58,6,6,14,14,40,56,43,57,57,26,59,11,12,11,41,52,51,45,44,56,58,32,28,13,14,14,13,40,57,43,58,59,26,60,11,12,11,40,58,43,59,60,26,61,11,12,11,40,59,43,60,61,26,62,11,12,11,40,60,43,61,62,26,37,11,12,11,41,53,62,48,43,53,51,21,26,10,8,8,12],
    "normals":[0.291635,-0.956511,0,0.239051,-0.970977,0,0.311777,-0.950133,0,0.312113,-0.950011,0,0.323985,-0.946043,0,0.114963,-0.993347,0,0,-1,0,0.017304,-0.999847,0,-0.201056,-0.979553,0,-0.157659,-0.987487,0,-0.225929,-0.97412,0,-0.238441,-0.971129,0,-0.226264,-0.974059,0,-0.0811487,-0.996673,0,-0.0175176,-0.999817,0]
}